SMA Results,as on,17.04.2026,Unnamed: 3,Unnamed: 4
Stock,Current Price,Target,% Down from Buy,Signal
HDFCBANK,799.9000244140625,1020.91,1.82,NEAR BUY
HDFCLIFE,616.4500122070312,790,1.42,NEAR BUY
ITC,306.7999877929688,387.73,2.79,NEAR BUY
AKZOINDIA,2958.800048828125,3802.84,1.13,NEAR BUY
ABBOTINDIA,25785,33922.53,-1.2,BUY
GILLETTE,7939.5,10021.28,2.91,NEAR BUY
INFY,1318.699951171875,1672.03,2.47,NEAR BUY
RELIANCE,1365,1771.52,0.17,NEAR BUY
